Feature,Importance
EPS,0.06694088285878556
ComprehensiveIncomeNetOfTax,0.06587717339683999
EPS_change,0.05660368480632704
ProfitLoss_change,0.04933723891281179
EPS_moving_average_change,0.04758361593428032
IncomeLossFromContinuingOperationsBeforeIncomeTaxesExtraordinaryItemsNoncontrollingInterest,0.04501651973861252
USA_business_confidence_change,0.039058401547129376
USA_business_confidence_lag1,0.033999894788274636
IncomeLossBeforeGainOrLossOnSaleOfPropertiesExtraordinaryItemsAndCumulativeEffectsOfAccountingChanges_change,0.03277153122565656
IncomeLossBeforeGainOrLossOnSaleOfPropertiesExtraordinaryItemsAndCumulativeEffectsOfAccountingChanges,0.03207878128188102
G20_business_confidence_lag1,0.027066511315779338
pre_covid,0.026264386977006508
time_elapsed,0.025982525411425837
Liabilities_change,0.021348190057734757
ComprehensiveIncomeNetOfTax_change,0.019618605345749426
LiabilitiesOtherThanLongtermDebtNoncurrent_change,0.019308475522154495
USA_business_confidence,0.018659424697811924
G20_business_confidence,0.01492918920134596
CommonStockValue_change,0.014808841306615386
AssetImpairmentCharges,0.013525096246495298
AdjustmentsToReconcileNetIncomeLossToCashProvidedByUsedInOperatingActivities,0.013350382075616027
OperatingIncomeLoss_change,0.013125721406131873
ComprehensiveIncomeNetOfTaxIncludingPortionAttributableToNoncontrollingInterest,0.012922776643987431
CommonStockSharesIssued_change,0.012405813584357227
StockholdersEquityIncludingPortionAttributableToNoncontrollingInterest_change,0.012090593529220824
IncomeLossFromContinuingOperationsBeforeIncomeTaxesDomestic,0.012046942406107498
GoodwillAndIntangibleAssetImpairment_change,0.012037066495911249
RestructuringSettlementAndImpairmentProvisions,0.01179562545097336
IncomeTaxReconciliationIncomeTaxExpenseBenefitAtFederalStatutoryIncomeTaxRate,0.01157520593346303
WeightedAverageNumberDilutedSharesOutstandingAdjustment_change,0.011502239069336884
Assets_change,0.010581613229706056
WeightedAverageNumberDilutedSharesOutstandingAdjustment,0.010424476405338171
IncomeLossFromContinuingOperationsBeforeIncomeTaxesMinorityInterestAndIncomeLossFromEquityMethodInvestments_change,0.010186148020579506
AssetImpairmentCharges_change,0.007700832208696529
WeightedAverageNumberOfSharesOutstandingBasic_change,0.006690348247049944
CommonStockSharesOutstanding_change,0.006583762366525207
IncrementalCommonSharesAttributableToShareBasedPaymentArrangements_change,0.0064547168016285935
AdjustmentsToReconcileNetIncomeLossToCashProvidedByUsedInOperatingActivities_change,0.006332617930648109
IncreaseDecreaseInOperatingLiabilities_lag1,0.006003774419475045
DeferredTaxAssetsValuationAllowance_change,0.005860057499500616
OperatingCostsAndExpenses_change,0.005278889475666133
AdjustmentsNoncashItemsToReconcileNetIncomeLossToCashProvidedByUsedInOperatingActivities_change,0.004772626265902363
OtherLiabilitiesNoncurrent_change,0.004661808431186351
IncreaseDecreaseInReceivables_lag1,0.004488160818586805
LiabilitiesNoncurrent_change,0.004486803684775281
RestructuringSettlementAndImpairmentProvisions_change,0.0039449559607258365
EPS_moving_average,0.0037862119709606836
OperatingExpenses_change,0.0031028434143830657
ProfitLoss_lag1,0.002990265476392707
AdjustmentsNoncashItemsToReconcileNetIncomeLossToCashProvidedByUsedInOperatingActivities,0.0029337435616210426
IncreaseDecreaseInAccountsReceivable_lag1,0.002850785945365728
IncomeLossFromContinuingOperationsBeforeIncomeTaxesForeign,0.002809824057362147
EmployeeRelatedLiabilitiesCurrent_change,0.002802401220104538
RetainedEarningsAccumulatedDeficit_change,0.002727537646643155
IncomeTaxExpenseBenefit,0.0027214838452582885
LiabilitiesCurrent_change,0.0026979730123571424
OperatingIncomeLoss_lag1,0.002589281989009641
EPS_lag1,0.002440743475259634
CommonStockSharesAuthorized_change,0.0024084659581701455
EPS_moving_average_lag1,0.0022770255421173747
AdditionalPaidInCapital_change,0.001983416137897773
AccountsPayableAndAccruedLiabilitiesCurrent_change,0.0018830856646294665
IncreaseDecreaseInOperatingCapital,0.0018044354905268703
IncreaseDecreaseInOperatingLiabilities,0.001754018251914247
DeferredTaxLiabilities_lag1,0.0017250714467319634
DeferredIncomeTaxExpenseBenefit,0.0015577188437350703
OperatingLeasesFutureMinimumPaymentsDueCurrent_change,0.001525489217152072
RetainedEarningsAccumulatedDeficit,0.0014053132209564166
LiabilitiesCurrent,0.0012804554395915435
GeneralAndAdministrativeExpense_change,0.0012302526198170664
OperatingLeasesRentExpenseNet_change,0.0011792764968943223
StockholdersEquityPeriodIncreaseDecrease,0.0011704318538979172
IncreaseDecreaseInOperatingLiabilities_change,0.0011702402654917255
GoodwillAndIntangibleAssetImpairment,0.0011658543963733558
OperatingLeasesFutureMinimumPaymentsDueInFiveYears_change,0.001141552511415525
ProceedsFromRepurchaseOfEquity_change,0.001141552511415525
IncomeTaxExpenseBenefit_change,0.0010756469393462741
DepreciationDepletionAndAmortization_change,0.0010625689145333387
LesseeOperatingLeaseLiabilityUndiscountedExcessAmount_missing,0.0010443989215199341
OperatingLeaseLiabilityNoncurrent_missing,0.0009468798993328326
LesseeOperatingLeaseLiabilityPaymentsDue_missing,0.0009423776517713311
AssetsCurrent_lag1,0.0008909729190313809
DeferredFederalStateAndLocalTaxExpenseBenefit,0.0008329125060027744
OtherComprehensiveIncomeLossForeignCurrencyTransactionAndTranslationAdjustmentNetOfTax,0.0008246697673215365
OtherAssetsNoncurrent_lag1,0.0008111303271973532
PreferredStockSharesAuthorized_change,0.0007974000492248884
AccruedLiabilitiesCurrent_lag1,0.0007967042954143396
CurrentFederalStateAndLocalTaxExpenseBenefit,0.0007817999705217161
AccountsPayableAndAccruedLiabilitiesCurrent_lag1,0.0007724761851309685
DeferredTaxAssetsOperatingLossCarryforwards_lag1,0.0007698919215199128
IncreaseDecreaseInAccountsPayable_lag1,0.0007602049372171458
GeneralAndAdministrativeExpense_lag1,0.0007398769104167152
IncreaseDecreaseInAccountsPayableAndAccruedLiabilities_lag1,0.0006427440032200789
ProceedsFromIssuanceOrSaleOfEquity_lag1,0.0005904407266610822
IncomeTaxReconciliationStateAndLocalIncomeTaxes,0.0005663132708240776
CurrentIncomeTaxExpenseBenefit,0.0005546286894186417
IncomeTaxReconciliationIncomeTaxExpenseBenefitAtFederalStatutoryIncomeTaxRate_change,0.0005410328698254165
IncomeTaxReconciliationIncomeTaxExpenseBenefitAtFederalStatutoryIncomeTaxRate_lag1,0.0005270789192010507
DeferredFederalIncomeTaxExpenseBenefit,0.000510696507765373
PaymentsForRepurchaseOfEquity_change,0.0005062037206834038
CommonStockSharesIssued,0.0005046155513220909
DeferredTaxAssetsValuationAllowance_lag1,0.0004828319547838602
IncomeLossFromContinuingOperationsBeforeIncomeTaxesDomestic_lag1,0.0004673264878116272
IncreaseDecreaseInOperatingAssets,0.00046220529788205744
LiabilitiesOtherThanLongtermDebtNoncurrent,0.0004554577510286523
DeferredTaxAssetsGross_change,0.0004530026709511899
AssetsCurrent_change,0.00044585646856190906
ComprehensiveIncomeNetOfTaxIncludingPortionAttributableToNoncontrollingInterest_change,0.0004353062520392486
SellingGeneralAndAdministrativeExpense_change,0.0004140289170418454
Revenues_lag1,0.00039829123300048506
CommonStockSharesAuthorized_lag1,0.0003887951141850952
LiabilitiesCurrent_lag1,0.0003854637479843049
PaymentsToAcquirePropertyPlantAndEquipment_lag1,0.00037813955955319213
PaymentsToAcquireProductiveAssets_lag1,0.00037760404146123
Depreciation_change,0.00037609245006553304
AccumulatedDepreciationDepletionAndAmortizationPropertyPlantAndEquipment_lag1,0.00037359993616341807
InvestmentIncomeNet,0.0003734525111044337
NonoperatingIncomeExpense,0.000351568094295381
NonoperatingIncomeExpense_change,0.0003386864052307347
RestructuringCostsAndAssetImpairmentCharges_change,0.0003363587528971918
NetCashProvidedByUsedInInvestingActivities,0.00033527561450238306
PaymentsForProceedsFromBusinessesAndInterestInAffiliates,0.0003285457935392406
InvestmentIncomeNonoperating_lag1,0.00032198717028633953
InventoryNet,0.00030379472223237766
DeferredTaxAssetsOperatingLossCarryforwards_change,0.00029819857046900765
ComprehensiveIncomeNetOfTaxIncludingPortionAttributableToNoncontrollingInterest_lag1,0.0002976969956797073
Assets_lag1,0.00028086660839816367
WeightedAverageNumberDilutedSharesOutstandingAdjustment_lag1,0.0002795610195302725
DeferredStateAndLocalIncomeTaxExpenseBenefit,0.0002784231795513332
OperatingLeasesFutureMinimumPaymentsDue_change,0.00027725037016036307
DepreciationAndAmortization_lag1,0.0002772041215229285
WeightedAverageNumberOfDilutedSharesOutstanding,0.0002760674332461948
OperatingLeaseRightOfUseAsset_change,0.00027560007524692016
AdditionalPaidInCapital,0.0002645134190990517
ProceedsFromSaleOfProductiveAssets_lag1,0.000263945241312978
InterestPaid_lag1,0.0002608153764411161
CashCashEquivalentsRestrictedCashAndRestrictedCashEquivalentsPeriodIncreaseDecreaseIncludingExchangeRateEffect,0.00025141320849266923
AntidilutiveSecuritiesExcludedFromComputationOfEarningsPerShareAmount,0.0002468605455202168
CurrentFederalTaxExpenseBenefit_lag1,0.00022701842045240263
IncomeTaxExpenseBenefit_lag1,0.00022526097637370286
AccumulatedDepreciationDepletionAndAmortizationPropertyPlantAndEquipment_change,0.00020699259054784283
CashCashEquivalentsAndShortTermInvestments_lag1,0.00020044601741930654
OtherComprehensiveIncomeLossTax_lag1,0.0001990049811856798
OtherLiabilitiesNoncurrent_lag1,0.00019868419111233838
LesseeOperatingLeaseLiabilityUndiscountedExcessAmount_change,0.00019483629151919766
RetainedEarningsAccumulatedDeficit_lag1,0.00019247308707523496
DeferredTaxLiabilitiesPropertyPlantAndEquipment_lag1,0.00019185411578689576
PaymentsOfOrdinaryDividends_change,0.000187286873829281
AdjustmentsToAdditionalPaidInCapitalSharebasedCompensationRequisiteServicePeriodRecognitionValue_lag1,0.0001771647548127316
OperatingLeaseLiabilityCurrent_lag1,0.00017626259772112295
PropertyPlantAndEquipmentNet_lag1,0.0001759734131174493
InterestPaidNet,0.00017556126006239222
OperatingLeasePayments_missing,0.0001753342667172753
OperatingLeasesFutureMinimumPaymentsDueInFourYears_change,0.00017329372109164826
RestructuringCostsAndAssetImpairmentCharges,0.00017216911150113922
ProvisionForDoubtfulAccounts_change,0.00016271539280791268
StockIssuedDuringPeriodSharesPeriodIncreaseDecrease_lag1,0.00016269204937091838
OperatingExpenses,0.0001596437924606941
OperatingLeasePayments_change,0.00015728940622707673
DeferredIncomeTaxesAndTaxCredits_change,0.00015611419693448652
AdjustmentsNoncashItemsToReconcileNetIncomeLossToCashProvidedByUsedInOperatingActivities_lag1,0.00015541299166503677
OperatingCostsAndExpenses,0.00015175848710017938
DeferredTaxLiabilities,0.00015146672306485173
SellingGeneralAndAdministrativeExpense_lag1,0.00015084301182642464
LongTermDebtAndCapitalLeaseObligations,0.00014831235424775583
IncreaseDecreaseInInventories,0.00014587042775861684
AntidilutiveSecuritiesExcludedFromComputationOfEarningsPerShareAmount_change,0.0001439582517826802
ReceivablesNetCurrent_lag1,0.000142037436745393
AssetsNoncurrent_lag1,0.00013148656827354817
IncreaseDecreaseInAccruedLiabilities_change,0.00013007606019548975
OtherComprehensiveIncomeLossNetOfTax,0.00013003323930215518
PropertyPlantAndEquipmentGross_change,0.00012998801065405784
IncreaseDecreaseInReceivables,0.00012463746477099362
CurrentFederalStateAndLocalTaxExpenseBenefit_lag1,0.00012453102928630512
DeferredTaxAssetsGross,0.0001231291980499844
PaymentsOfDividends,0.00012069130453352923
IncreaseDecreaseInAccountsPayableAndAccruedLiabilities,0.00012053129921750597
PropertyPlantAndEquipmentGross_lag1,0.0001201137884905345
DeferredTaxAssetsOperatingLossCarryforwards,0.00011281201306466952
EmployeeBenefitsAndShareBasedCompensationNoncash_missing,0.00011263550269036482
OtherComprehensiveIncomeLossNetOfTax_lag1,0.00011043522554886224
CommonStockSharesAuthorized,0.00011039756505243465
InvestmentIncomeNet_change,0.00010748085499491411
DeferredTaxLiabilitiesPropertyPlantAndEquipment,0.00010684721155812572
NetCashProvidedByUsedInOperatingActivities_lag1,0.00010663920853195431
LesseeOperatingLeaseLiabilityPaymentsDueYearFour_change,0.00010562411814135654
AccumulatedOtherComprehensiveIncomeLossNetOfTax_change,0.00010525216751756804
CashAndCashEquivalentsPeriodIncreaseDecrease,0.00010473011434584072
InterestExpense_change,9.857565989056173e-05
LongTermDebtNoncurrent_lag1,9.813981001162261e-05
OtherAssetsCurrent_change,9.737071276459836e-05
OperatingLeasesFutureMinimumPaymentsDueThereafter_lag1,9.52722998452198e-05
LongTermDebtAndCapitalLeaseObligations_lag1,8.940447799400786e-05
ProceedsFromIssuanceOrSaleOfEquity,0.0
ProceedsFromRepaymentsOfDebt,0.0
ProceedsFromRepaymentsOfLongTermDebtAndCapitalSecurities,0.0
ProceedsFromRepaymentsOfShortTermDebt,0.0
ProceedsFromRepurchaseOfEquity,0.0
ProceedsFromSaleOfProductiveAssets,0.0
ProceedsFromStockOptionsExercised,0.0
PropertyPlantAndEquipmentGross,0.0
PropertyPlantAndEquipmentNet,0.0
ProvisionForDoubtfulAccounts,0.0
ReceivablesNetCurrent,0.0
RepaymentsOfLongTermDebt,0.0
RepaymentsOfLongTermDebtAndCapitalSecurities,0.0
ResearchAndDevelopmentExpense,0.0
Revenues,0.0
SellingAndMarketingExpense,0.0
SellingGeneralAndAdministrativeExpense,0.0
ShareBasedCompensationArrangementByShareBasedPaymentAwardOptionsGrantsInPeriod,0.0
ShareBasedCompensationArrangementByShareBasedPaymentAwardOptionsOutstandingNumber,0.0
StockIssuedDuringPeriodSharesPeriodIncreaseDecrease,0.0
StockIssuedDuringPeriodSharesStockOptionsExercised,0.0
TaxesPayableCurrent,0.0
TreasuryStockShares,0.0
TreasuryStockValue,0.0
UnrecognizedTaxBenefits,0.0
UnrecognizedTaxBenefitsDecreasesResultingFromPriorPeriodTaxPositions,0.0
UnrecognizedTaxBenefitsDecreasesResultingFromSettlementsWithTaxingAuthorities,0.0
UnrecognizedTaxBenefitsIncreasesResultingFromCurrentPeriodTaxPositions,0.0
UnrecognizedTaxBenefitsIncreasesResultingFromPriorPeriodTaxPositions,0.0
UnrecognizedTaxBenefitsReductionsResultingFromLapseOfApplicableStatuteOfLimitations,0.0
UnrecognizedTaxBenefitsThatWouldImpactEffectiveTaxRate,0.0
AdditionalPaidInCapitalCommonStock_missing,0.0
AdjustmentsToAdditionalPaidInCapitalSharebasedCompensationRequisiteServicePeriodRecognitionValue_missing,0.0
AllocatedShareBasedCompensationExpense_missing,0.0
AllowanceForDoubtfulAccountsReceivableCurrent_missing,0.0
AntidilutiveSecuritiesExcludedFromComputationOfEarningsPerShareAmount_missing,0.0
AssetImpairmentCharges_missing,0.0
CashCashEquivalentsRestrictedCashAndRestrictedCashEquivalentsPeriodIncreaseDecreaseIncludingExchangeRateEffect_missing,0.0
CommonStockSharesOutstanding_missing,0.0
CurrentForeignTaxExpenseBenefit_missing,0.0
DeferredForeignIncomeTaxExpenseBenefit_missing,0.0
DeferredIncomeTaxLiabilities_missing,0.0
DeferredRevenueCurrent_missing,0.0
DeferredTaxAssetsLiabilitiesNet_missing,0.0
DeferredTaxAssetsNet_missing,0.0
DeferredTaxAssetsOperatingLossCarryforwards_missing,0.0
DeferredTaxAssetsOther_missing,0.0
DeferredTaxAssetsTaxDeferredExpenseCompensationAndBenefitsShareBasedCompensationCost_missing,0.0
DeferredTaxLiabilities_missing,0.0
DeferredTaxLiabilitiesOther_missing,0.0
DeferredTaxLiabilitiesPropertyPlantAndEquipment_missing,0.0
DefinedContributionPlanCostRecognized_missing,0.0
Depreciation_missing,0.0
Dividends_missing,0.0
FiniteLivedIntangibleAssetsAmortizationExpenseNextTwelveMonths_missing,0.0
FiniteLivedIntangibleAssetsAmortizationExpenseYearFive_missing,0.0
FiniteLivedIntangibleAssetsGross_missing,0.0
GainLossOnDispositionOfAssets1_missing,0.0
GoodwillAndIntangibleAssetImpairment_missing,0.0
IncomeLossFromContinuingOperationsBeforeIncomeTaxesDomestic_missing,0.0
IncomeLossFromContinuingOperationsBeforeIncomeTaxesForeign_missing,0.0
IncomeTaxReconciliationIncomeTaxExpenseBenefitAtFederalStatutoryIncomeTaxRate_missing,0.0
IncomeTaxReconciliationStateAndLocalIncomeTaxes_missing,0.0
IncomeTaxesPaidNet_missing,0.0
IncreaseDecreaseInAccountsAndNotesReceivable_missing,0.0
IncreaseDecreaseInAccountsPayable_missing,0.0
IncreaseDecreaseInAccruedLiabilities_missing,0.0
IncreaseDecreaseInOtherOperatingAssets_missing,0.0
IncreaseDecreaseInPrepaidDeferredExpenseAndOtherAssets_missing,0.0
IncrementalCommonSharesAttributableToShareBasedPaymentArrangements_missing,0.0
InterestPaid_missing,0.0
InterestPaidNet_missing,0.0
InvestmentIncomeNet_missing,0.0
InvestmentIncomeNonoperating_missing,0.0
LesseeOperatingLeaseLiabilityPaymentsDueNextTwelveMonths_missing,0.0
LongTermDebt_missing,0.0
LongTermDebtCurrent_missing,0.0
LongTermDebtMaturitiesRepaymentsOfPrincipalInNextTwelveMonths_missing,0.0
LongTermDebtMaturitiesRepaymentsOfPrincipalInYearFive_missing,0.0
LongTermDebtMaturitiesRepaymentsOfPrincipalInYearFour_missing,0.0
LongTermDebtMaturitiesRepaymentsOfPrincipalInYearThree_missing,0.0
LongTermDebtMaturitiesRepaymentsOfPrincipalInYearTwo_missing,0.0
LongTermDebtNoncurrent_missing,0.0
LongTermInvestmentsAndReceivablesNet_missing,0.0
OperatingLeaseLiabilityCurrent_missing,0.0
OperatingLeasesFutureMinimumPaymentsDue_missing,0.0
OperatingLeasesFutureMinimumPaymentsDueCurrent_missing,0.0
OperatingLeasesFutureMinimumPaymentsDueInFiveYears_missing,0.0
OperatingLeasesFutureMinimumPaymentsDueThereafter_missing,0.0
OperatingLeasesRentExpenseNet_missing,0.0
OtherAccruedLiabilitiesCurrent_missing,0.0
OtherAssetsCurrent_missing,0.0
OtherComprehensiveIncomeLossForeignCurrencyTransactionAndTranslationAdjustmentNetOfTax_missing,0.0
OtherComprehensiveIncomeLossNetOfTax_missing,0.0
OtherComprehensiveIncomeLossTax_missing,0.0
OtherNonoperatingIncomeExpense_missing,0.0
PaymentOfFinancingAndStockIssuanceCosts_missing,0.0
PaymentsForProceedsFromBusinessesAndInterestInAffiliates_missing,0.0
PaymentsForProceedsFromOtherInvestingActivities_missing,0.0
PaymentsForRepurchaseOfCommonStock_missing,0.0
PaymentsOfDividends_missing,0.0
PaymentsOfOrdinaryDividends_missing,0.0
PaymentsToAcquireBusinessesAndInterestInAffiliates_missing,0.0
PreferredStockSharesAuthorized_missing,0.0
PreferredStockSharesIssued_missing,0.0
PreferredStockSharesOutstanding_missing,0.0
PreferredStockValue_missing,0.0
PrepaidExpenseAndOtherAssetsCurrent_missing,0.0
ProceedsFromIssuanceOfLongTermDebt_missing,0.0
ProceedsFromIssuanceOfSharesUnderIncentiveAndShareBasedCompensationPlansIncludingStockOptions_missing,0.0
ProceedsFromRepaymentsOfShortTermDebt_missing,0.0
ProceedsFromSaleOfProductiveAssets_missing,0.0
ProceedsFromStockOptionsExercised_missing,0.0
ProvisionForDoubtfulAccounts_missing,0.0
RepaymentsOfLongTermDebt_missing,0.0
RepaymentsOfLongTermDebtAndCapitalSecurities_missing,0.0
ResearchAndDevelopmentExpense_missing,0.0
RestructuringCostsAndAssetImpairmentCharges_missing,0.0
SellingAndMarketingExpense_missing,0.0
ShareBasedCompensationArrangementByShareBasedPaymentAwardOptionsGrantsInPeriod_missing,0.0
ShareBasedCompensationArrangementByShareBasedPaymentAwardOptionsOutstandingNumber_missing,0.0
StockIssuedDuringPeriodSharesStockOptionsExercised_missing,0.0
TaxesPayableCurrent_missing,0.0
TreasuryStockShares_missing,0.0
TreasuryStockValue_missing,0.0
UnrecognizedTaxBenefitsDecreasesResultingFromPriorPeriodTaxPositions_missing,0.0
UnrecognizedTaxBenefitsDecreasesResultingFromSettlementsWithTaxingAuthorities_missing,0.0
UnrecognizedTaxBenefitsIncreasesResultingFromCurrentPeriodTaxPositions_missing,0.0
UnrecognizedTaxBenefitsIncreasesResultingFromPriorPeriodTaxPositions_missing,0.0
UnrecognizedTaxBenefitsReductionsResultingFromLapseOfApplicableStatuteOfLimitations_missing,0.0
UnrecognizedTaxBenefitsThatWouldImpactEffectiveTaxRate_missing,0.0
AccountsPayableCurrent_lag1,0.0
AccountsReceivableNetCurrent_lag1,0.0
AccumulatedOtherComprehensiveIncomeLossNetOfTax_lag1,0.0
AdditionalPaidInCapital_lag1,0.0
AdditionalPaidInCapitalCommonStock_lag1,0.0
AdjustmentsToReconcileNetIncomeLossToCashProvidedByUsedInOperatingActivities_lag1,0.0
AllocatedShareBasedCompensationExpense_lag1,0.0
AllowanceForDoubtfulAccountsReceivableCurrent_lag1,0.0
AntidilutiveSecuritiesExcludedFromComputationOfEarningsPerShareAmount_lag1,0.0
AssetImpairmentCharges_lag1,0.0
CashAndCashEquivalentsPeriodIncreaseDecrease_lag1,0.0
CashAndCashEquivalentsPeriodIncreaseDecreaseExcludingExchangeRateEffect_lag1,0.0
CashCashEquivalentsRestrictedCashAndRestrictedCashEquivalentsPeriodIncreaseDecreaseIncludingExchangeRateEffect_lag1,0.0
CommonStockSharesIssued_lag1,0.0
CommonStockSharesOutstanding_lag1,0.0
CommonStockValue_lag1,0.0
CostOfGoodsAndServicesSold_lag1,0.0
CostOfRevenue_lag1,0.0
CurrentForeignTaxExpenseBenefit_lag1,0.0
CurrentIncomeTaxExpenseBenefit_lag1,0.0
CurrentStateAndLocalTaxExpenseBenefit_lag1,0.0
DebtCurrent_lag1,0.0
DeferredFederalIncomeTaxExpenseBenefit_lag1,0.0
DeferredFederalStateAndLocalTaxExpenseBenefit_lag1,0.0
DeferredForeignIncomeTaxExpenseBenefit_lag1,0.0
DeferredIncomeTaxLiabilities_lag1,0.0
DeferredIncomeTaxesAndTaxCredits_lag1,0.0
DeferredRevenueCurrent_lag1,0.0
DeferredStateAndLocalIncomeTaxExpenseBenefit_lag1,0.0
DeferredTaxAssetsGross_lag1,0.0
DeferredTaxAssetsLiabilitiesNet_lag1,0.0
DeferredTaxAssetsNet_lag1,0.0
DeferredTaxAssetsOther_lag1,0.0
DeferredTaxAssetsTaxDeferredExpenseCompensationAndBenefitsShareBasedCompensationCost_lag1,0.0
DeferredTaxLiabilitiesOther_lag1,0.0
DefinedContributionPlanCostRecognized_lag1,0.0
Depreciation_lag1,0.0
PaymentsForProceedsFromInvestments_missing,0.0
DepreciationDepletionAndAmortization_lag1,0.0
Dividends_lag1,0.0
EmployeeRelatedLiabilitiesCurrent_lag1,0.0
FiniteLivedIntangibleAssetsAccumulatedAmortization_lag1,0.0
FiniteLivedIntangibleAssetsAmortizationExpenseYearTwo_lag1,0.0
FiniteLivedIntangibleAssetsGross_lag1,0.0
FiniteLivedIntangibleAssetsNet_lag1,0.0
GainLossOnDispositionOfAssets1_lag1,0.0
AccountsPayableAndAccruedLiabilitiesCurrent,0.0
GoodwillAndIntangibleAssetImpairment_lag1,0.0
GrossProfit_lag1,0.0
AccountsPayableCurrent,0.0
IncomeLossFromContinuingOperationsBeforeIncomeTaxesForeign_lag1,0.0
AccruedLiabilitiesCurrent,0.0
AccumulatedDepreciationDepletionAndAmortizationPropertyPlantAndEquipment,0.0
IncomeTaxReconciliationStateAndLocalIncomeTaxes_lag1,0.0
IncomeTaxesPaidNet_lag1,0.0
AccumulatedOtherComprehensiveIncomeLossNetOfTax,0.0
AdditionalPaidInCapitalCommonStock,0.0
AdjustmentForAmortization,0.0
IncreaseDecreaseInAccruedLiabilities_lag1,0.0
IncreaseDecreaseInInventories_lag1,0.0
IncreaseDecreaseInOperatingAssets_lag1,0.0
IncreaseDecreaseInOperatingCapital_lag1,0.0
AdjustmentsToAdditionalPaidInCapitalSharebasedCompensationRequisiteServicePeriodRecognitionValue,0.0
IncreaseDecreaseInOtherOperatingAssets_lag1,0.0
IncreaseDecreaseInPrepaidDeferredExpenseAndOtherAssets_lag1,0.0
AllocatedShareBasedCompensationExpense,0.0
IncrementalCommonSharesAttributableToShareBasedPaymentArrangements_lag1,0.0
IntangibleAssetsNetExcludingGoodwill_lag1,0.0
IntangibleAssetsNetIncludingGoodwill_lag1,0.0
InterestExpense_lag1,0.0
AllowanceForDoubtfulAccountsReceivableCurrent,0.0
InterestPaidNet_lag1,0.0
InventoryNetOfAllowancesCustomerAdvancesAndProgressBillings_lag1,0.0
InvestmentIncomeNet_lag1,0.0
AmortizationOfDeferredCharges,0.0
LesseeOperatingLeaseLiabilityUndiscountedExcessAmount_lag1,0.0
Liabilities_lag1,0.0
LiabilitiesAndStockholdersEquity_lag1,0.0
AmortizationOfIntangibleAssets,0.0
LiabilitiesNoncurrent_lag1,0.0
LiabilitiesOtherThanLongtermDebtNoncurrent_lag1,0.0
LongTermDebt_lag1,0.0
Assets,0.0
LongTermDebtAndCapitalLeaseObligationsCurrent_lag1,0.0
LongTermDebtCurrent_lag1,0.0
LongTermDebtMaturitiesRepaymentsOfPrincipalInNextTwelveMonths_lag1,0.0
LongTermDebtMaturitiesRepaymentsOfPrincipalInYearFive_lag1,0.0
LongTermDebtMaturitiesRepaymentsOfPrincipalInYearFour_lag1,0.0
LongTermDebtMaturitiesRepaymentsOfPrincipalInYearThree_lag1,0.0
LongTermDebtMaturitiesRepaymentsOfPrincipalInYearTwo_lag1,0.0
AssetsCurrent,0.0
LongTermInvestmentsAndReceivablesNet_lag1,0.0
NetCashProvidedByUsedInFinancingActivities_lag1,0.0
NetCashProvidedByUsedInFinancingActivitiesContinuingOperations_lag1,0.0
NetCashProvidedByUsedInInvestingActivities_lag1,0.0
NetCashProvidedByUsedInInvestingActivitiesContinuingOperations_lag1,0.0
AssetsNoncurrent,0.0
NonoperatingIncomeExpense_lag1,0.0
OperatingCostsAndExpenses_lag1,0.0
OperatingExpenses_lag1,0.0
CashAndCashEquivalentsAtCarryingValue,0.0
CashAndCashEquivalentsPeriodIncreaseDecreaseExcludingExchangeRateEffect,0.0
OperatingLeasePayments_lag1,0.0
OperatingLeaseRightOfUseAsset_lag1,0.0
OperatingLeasesFutureMinimumPaymentsDue_lag1,0.0
OperatingLeasesFutureMinimumPaymentsDueInTwoYears_lag1,0.0
CommonStockSharesOutstanding,0.0
OperatingLeasesRentExpenseNet_lag1,0.0
OtherAccruedLiabilitiesCurrent_lag1,0.0
OtherAssetsCurrent_lag1,0.0
CommonStockValue,0.0
OtherComprehensiveIncomeLossForeignCurrencyTransactionAndTranslationAdjustmentNetOfTax_lag1,0.0
CostOfGoodsAndServicesSold,0.0
CostOfRevenue,0.0
CurrentForeignTaxExpenseBenefit,0.0
OtherNonoperatingIncomeExpense_lag1,0.0
PaymentsForProceedsFromBusinessesAndInterestInAffiliates_lag1,0.0
PaymentsForProceedsFromInvestments_lag1,0.0
PaymentsForProceedsFromOtherInvestingActivities_lag1,0.0
PaymentsForRepurchaseOfEquity_lag1,0.0
PaymentsOfDividends_lag1,0.0
PaymentsOfFinancingCosts_lag1,0.0
PaymentsOfOrdinaryDividends_lag1,0.0
PaymentsToAcquireBusinessesNetOfCashAcquired_lag1,0.0
CurrentStateAndLocalTaxExpenseBenefit,0.0
DebtCurrent,0.0
PreferredStockSharesAuthorized_lag1,0.0
PreferredStockSharesIssued_lag1,0.0
PreferredStockSharesOutstanding_lag1,0.0
PreferredStockValue_lag1,0.0
PrepaidExpenseAndOtherAssetsCurrent_lag1,0.0
ProceedsFromIssuanceOfLongTermDebtAndCapitalSecuritiesNet_lag1,0.0
ProceedsFromIssuanceOfSharesUnderIncentiveAndShareBasedCompensationPlansIncludingStockOptions_lag1,0.0
DeferredForeignIncomeTaxExpenseBenefit,0.0
ProceedsFromRepaymentsOfDebt_lag1,0.0
ProceedsFromRepaymentsOfLongTermDebtAndCapitalSecurities_lag1,0.0
ProceedsFromRepaymentsOfShortTermDebt_lag1,0.0
ProceedsFromRepurchaseOfEquity_lag1,0.0
DeferredIncomeTaxLiabilities,0.0
ProceedsFromStockOptionsExercised_lag1,0.0
DeferredRevenueCurrent,0.0
DeferredTaxAssetsLiabilitiesNet,0.0
DeferredTaxAssetsNet,0.0
ProvisionForDoubtfulAccounts_lag1,0.0
DeferredTaxAssetsOther,0.0
RepaymentsOfLongTermDebt_lag1,0.0
RepaymentsOfLongTermDebtAndCapitalSecurities_lag1,0.0
ResearchAndDevelopmentExpense_lag1,0.0
RestructuringCostsAndAssetImpairmentCharges_lag1,0.0
RestructuringSettlementAndImpairmentProvisions_lag1,0.0
DeferredTaxAssetsTaxDeferredExpenseCompensationAndBenefitsShareBasedCompensationCost,0.0
DeferredTaxAssetsValuationAllowance,0.0
SellingAndMarketingExpense_lag1,0.0
DeferredTaxLiabilitiesOther,0.0
ShareBasedCompensation_lag1,0.0
ShareBasedCompensationArrangementByShareBasedPaymentAwardOptionsGrantsInPeriod_lag1,0.0
ShareBasedCompensationArrangementByShareBasedPaymentAwardOptionsOutstandingNumber_lag1,0.0
DefinedContributionPlanCostRecognized,0.0
StockIssuedDuringPeriodSharesStockOptionsExercised_lag1,0.0
StockholdersEquityIncludingPortionAttributableToNoncontrollingInterest_lag1,0.0
StockholdersEquityPeriodIncreaseDecrease_lag1,0.0
TaxesPayableCurrent_lag1,0.0
TreasuryStockShares_lag1,0.0
TreasuryStockValue_lag1,0.0
UnrecognizedTaxBenefits_lag1,0.0
UnrecognizedTaxBenefitsDecreasesResultingFromPriorPeriodTaxPositions_lag1,0.0
UnrecognizedTaxBenefitsDecreasesResultingFromSettlementsWithTaxingAuthorities_lag1,0.0
UnrecognizedTaxBenefitsIncreasesResultingFromCurrentPeriodTaxPositions_lag1,0.0
UnrecognizedTaxBenefitsIncreasesResultingFromPriorPeriodTaxPositions_lag1,0.0
UnrecognizedTaxBenefitsReductionsResultingFromLapseOfApplicableStatuteOfLimitations_lag1,0.0
UnrecognizedTaxBenefitsThatWouldImpactEffectiveTaxRate_lag1,0.0
Depreciation,0.0
WeightedAverageNumberOfSharesOutstandingBasic_lag1,0.0
DepreciationAndAmortization,0.0
DepreciationDepletionAndAmortization,0.0
Dividends,0.0
EmployeeBenefitsAndShareBasedCompensationNoncash,0.0
EmployeeRelatedLiabilitiesCurrent,0.0
AccountsPayableCurrent_change,0.0
AccountsReceivableNetCurrent_change,0.0
AccruedLiabilitiesCurrent_change,0.0
FiniteLivedIntangibleAssetsAccumulatedAmortization,0.0
FiniteLivedIntangibleAssetsAmortizationExpenseNextTwelveMonths,0.0
FiniteLivedIntangibleAssetsAmortizationExpenseYearFive,0.0
AdditionalPaidInCapitalCommonStock_change,0.0
AdjustmentForAmortization_change,0.0
FiniteLivedIntangibleAssetsGross,0.0
AdjustmentsToAdditionalPaidInCapitalSharebasedCompensationRequisiteServicePeriodRecognitionValue_change,0.0
FiniteLivedIntangibleAssetsNet,0.0
AllocatedShareBasedCompensationExpense_change,0.0
AllowanceForDoubtfulAccountsReceivableCurrent_change,0.0
AmortizationOfDeferredCharges_change,0.0
AmortizationOfIntangibleAssets_change,0.0
GainLossOnDispositionOfAssets1,0.0
GeneralAndAdministrativeExpense,0.0
Goodwill,0.0
GrossProfit,0.0
AssetsNoncurrent_change,0.0
CashAndCashEquivalentsPeriodIncreaseDecrease_change,0.0
CashAndCashEquivalentsPeriodIncreaseDecreaseExcludingExchangeRateEffect_change,0.0
CashCashEquivalentsAndShortTermInvestments_change,0.0
CashCashEquivalentsRestrictedCashAndRestrictedCashEquivalentsPeriodIncreaseDecreaseIncludingExchangeRateEffect_change,0.0
IncomeTaxesPaidNet,0.0
IncreaseDecreaseInAccountsAndNotesReceivable,0.0
IncreaseDecreaseInAccountsPayable,0.0
IncreaseDecreaseInAccruedLiabilities,0.0
IncreaseDecreaseInOtherOperatingAssets,0.0
IncreaseDecreaseInPrepaidDeferredExpenseAndOtherAssets,0.0
CostOfGoodsAndServicesSold_change,0.0
CostOfRevenue_change,0.0
CurrentFederalStateAndLocalTaxExpenseBenefit_change,0.0
CurrentFederalTaxExpenseBenefit_change,0.0
CurrentForeignTaxExpenseBenefit_change,0.0
CurrentIncomeTaxExpenseBenefit_change,0.0
CurrentStateAndLocalTaxExpenseBenefit_change,0.0
DebtCurrent_change,0.0
DeferredFederalIncomeTaxExpenseBenefit_change,0.0
DeferredFederalStateAndLocalTaxExpenseBenefit_change,0.0
AccountsNotesAndLoansReceivableNetCurrent,0.0
DeferredIncomeTaxLiabilities_change,0.0
IncrementalCommonSharesAttributableToShareBasedPaymentArrangements,0.0
DeferredRevenueCurrent_change,0.0
DeferredStateAndLocalIncomeTaxExpenseBenefit_change,0.0
IntangibleAssetsNetExcludingGoodwill,0.0
DeferredTaxAssetsLiabilitiesNet_change,0.0
DeferredTaxAssetsNet_change,0.0
IntangibleAssetsNetIncludingGoodwill,0.0
DeferredTaxAssetsOther_change,0.0
DeferredTaxAssetsTaxDeferredExpenseCompensationAndBenefitsShareBasedCompensationCost_change,0.0
InterestAndDebtExpense,0.0
DeferredTaxLiabilities_change,0.0
DeferredTaxLiabilitiesOther_change,0.0
DeferredTaxLiabilitiesPropertyPlantAndEquipment_change,0.0
DefinedContributionPlanCostRecognized_change,0.0
InterestPaid,0.0
DepreciationAndAmortization_change,0.0
InvestmentIncomeNonoperating,0.0
Dividends_change,0.0
EmployeeBenefitsAndShareBasedCompensationNoncash_change,0.0
LesseeOperatingLeaseLiabilityPaymentsDue,0.0
FiniteLivedIntangibleAssetsAccumulatedAmortization_change,0.0
FiniteLivedIntangibleAssetsAmortizationExpenseNextTwelveMonths_change,0.0
FiniteLivedIntangibleAssetsAmortizationExpenseYearFive_change,0.0
FiniteLivedIntangibleAssetsAmortizationExpenseYearFour_change,0.0
FiniteLivedIntangibleAssetsAmortizationExpenseYearThree_change,0.0
FiniteLivedIntangibleAssetsAmortizationExpenseYearTwo_change,0.0
FiniteLivedIntangibleAssetsGross_change,0.0
FiniteLivedIntangibleAssetsNet_change,0.0
GainLossOnDispositionOfAssets1_change,0.0
LesseeOperatingLeaseLiabilityPaymentsDueNextTwelveMonths,0.0
Goodwill_change,0.0
LesseeOperatingLeaseLiabilityUndiscountedExcessAmount,0.0
GrossProfit_change,0.0
Liabilities,0.0
IncomeLossFromContinuingOperationsBeforeIncomeTaxesDomestic_change,0.0
IncomeLossFromContinuingOperationsBeforeIncomeTaxesForeign_change,0.0
LiabilitiesAndStockholdersEquity,0.0
LiabilitiesNoncurrent,0.0
LongTermDebt,0.0
IncomeTaxReconciliationStateAndLocalIncomeTaxes_change,0.0
IncomeTaxesPaidNet_change,0.0
IncreaseDecreaseInAccountsPayable_change,0.0
IncreaseDecreaseInAccountsPayableAndAccruedLiabilities_change,0.0
IncreaseDecreaseInAccountsReceivable_change,0.0
LongTermDebtAndCapitalLeaseObligationsCurrent,0.0
IncreaseDecreaseInInventories_change,0.0
IncreaseDecreaseInOperatingAssets_change,0.0
IncreaseDecreaseInOperatingCapital_change,0.0
LongTermDebtCurrent,0.0
IncreaseDecreaseInOtherOperatingAssets_change,0.0
IncreaseDecreaseInPrepaidDeferredExpenseAndOtherAssets_change,0.0
IncreaseDecreaseInReceivables_change,0.0
LongTermDebtMaturitiesRepaymentsOfPrincipalInNextTwelveMonths,0.0
IntangibleAssetsNetExcludingGoodwill_change,0.0
IntangibleAssetsNetIncludingGoodwill_change,0.0
InterestAndDebtExpense_change,0.0
LongTermDebtMaturitiesRepaymentsOfPrincipalInYearFive,0.0
InterestPaid_change,0.0
InterestPaidNet_change,0.0
InventoryNetOfAllowancesCustomerAdvancesAndProgressBillings_change,0.0
LongTermDebtMaturitiesRepaymentsOfPrincipalInYearFour,0.0
InvestmentIncomeNonoperating_change,0.0
LesseeOperatingLeaseLiabilityPaymentsDue_change,0.0
LesseeOperatingLeaseLiabilityPaymentsDueNextTwelveMonths_change,0.0
LesseeOperatingLeaseLiabilityPaymentsDueYearFive_change,0.0
LongTermDebtMaturitiesRepaymentsOfPrincipalInYearThree,0.0
LesseeOperatingLeaseLiabilityPaymentsDueYearThree_change,0.0
LesseeOperatingLeaseLiabilityPaymentsDueYearTwo_change,0.0
LongTermDebtMaturitiesRepaymentsOfPrincipalInYearTwo,0.0
LongTermDebtNoncurrent,0.0
LiabilitiesAndStockholdersEquity_change,0.0
LongTermInvestmentsAndReceivablesNet,0.0
NetCashProvidedByUsedInFinancingActivities,0.0
NetCashProvidedByUsedInFinancingActivitiesContinuingOperations,0.0
LongTermDebt_change,0.0
LongTermDebtAndCapitalLeaseObligations_change,0.0
LongTermDebtAndCapitalLeaseObligationsCurrent_change,0.0
LongTermDebtCurrent_change,0.0
LongTermDebtMaturitiesRepaymentsOfPrincipalInNextTwelveMonths_change,0.0
LongTermDebtMaturitiesRepaymentsOfPrincipalInYearFive_change,0.0
LongTermDebtMaturitiesRepaymentsOfPrincipalInYearFour_change,0.0
LongTermDebtMaturitiesRepaymentsOfPrincipalInYearThree_change,0.0
LongTermDebtMaturitiesRepaymentsOfPrincipalInYearTwo_change,0.0
LongTermDebtNoncurrent_change,0.0
LongTermInvestmentsAndReceivablesNet_change,0.0
NetCashProvidedByUsedInFinancingActivities_change,0.0
NetCashProvidedByUsedInFinancingActivitiesContinuingOperations_change,0.0
NetCashProvidedByUsedInInvestingActivities_change,0.0
DeferredForeignIncomeTaxExpenseBenefit_change,0.0
NetCashProvidedByUsedInOperatingActivities_change,0.0
NetCashProvidedByUsedInInvestingActivitiesContinuingOperations,0.0
NetCashProvidedByUsedInOperatingActivities,0.0
OperatingLeaseLiabilityCurrent,0.0
OperatingLeaseLiabilityNoncurrent,0.0
OperatingLeaseLiability_change,0.0
OperatingLeaseLiabilityCurrent_change,0.0
OperatingLeaseLiabilityNoncurrent_change,0.0
OperatingLeasePayments,0.0
OperatingLeasesFutureMinimumPaymentsDue,0.0
OperatingLeasesFutureMinimumPaymentsDueCurrent,0.0
OperatingLeasesFutureMinimumPaymentsDueInFiveYears,0.0
OperatingLeasesFutureMinimumPaymentsDueThereafter,0.0
OperatingLeasesRentExpenseNet,0.0
OperatingLeasesFutureMinimumPaymentsDueInThreeYears_change,0.0
OperatingLeasesFutureMinimumPaymentsDueInTwoYears_change,0.0
OperatingLeasesFutureMinimumPaymentsDueThereafter_change,0.0
OtherAccruedLiabilitiesCurrent,0.0
OtherAccruedLiabilitiesCurrent_change,0.0
OtherAssetsCurrent,0.0
OtherAssetsNoncurrent_change,0.0
OtherComprehensiveIncomeLossForeignCurrencyTransactionAndTranslationAdjustmentNetOfTax_change,0.0
OtherComprehensiveIncomeLossNetOfTax_change,0.0
OtherComprehensiveIncomeLossTax_change,0.0
OtherAssetsNoncurrent,0.0
OtherNonoperatingIncomeExpense_change,0.0
PaymentsForProceedsFromBusinessesAndInterestInAffiliates_change,0.0
PaymentsForProceedsFromInvestments_change,0.0
PaymentsForProceedsFromOtherInvestingActivities_change,0.0
PaymentsForProceedsFromProductiveAssets_change,0.0
OtherComprehensiveIncomeLossTax,0.0
PaymentsOfDividends_change,0.0
PaymentsOfFinancingCosts_change,0.0
OtherLiabilitiesNoncurrent,0.0
PaymentsToAcquireBusinessesAndInterestInAffiliates_change,0.0
PaymentsToAcquireBusinessesNetOfCashAcquired_change,0.0
PaymentsToAcquireProductiveAssets_change,0.0
PaymentsToAcquirePropertyPlantAndEquipment_change,0.0
OtherNonoperatingIncomeExpense,0.0
PreferredStockSharesIssued_change,0.0
PreferredStockSharesOutstanding_change,0.0
PreferredStockValue_change,0.0
PrepaidExpenseAndOtherAssetsCurrent_change,0.0
ProceedsFromIssuanceOfLongTermDebtAndCapitalSecuritiesNet_change,0.0
ProceedsFromIssuanceOfSharesUnderIncentiveAndShareBasedCompensationPlansIncludingStockOptions_change,0.0
ProceedsFromIssuanceOrSaleOfEquity_change,0.0
ProceedsFromRepaymentsOfDebt_change,0.0
ProceedsFromRepaymentsOfLongTermDebtAndCapitalSecurities_change,0.0
ProceedsFromRepaymentsOfShortTermDebt_change,0.0
PaymentOfFinancingAndStockIssuanceCosts,0.0
ProceedsFromSaleOfProductiveAssets_change,0.0
ProceedsFromStockOptionsExercised_change,0.0
PaymentsForProceedsFromInvestments,0.0
PaymentsForProceedsFromOtherInvestingActivities,0.0
PropertyPlantAndEquipmentNet_change,0.0
PaymentsForProceedsFromProductiveAssets,0.0
ReceivablesNetCurrent_change,0.0
RepaymentsOfLongTermDebt_change,0.0
RepaymentsOfLongTermDebtAndCapitalSecurities_change,0.0
ResearchAndDevelopmentExpense_change,0.0
PaymentsForRepurchaseOfCommonStock,0.0
PaymentsOfOrdinaryDividends,0.0
PaymentsToAcquireBusinessesAndInterestInAffiliates,0.0
Revenues_change,0.0
SellingAndMarketingExpense_change,0.0
PaymentsToAcquirePropertyPlantAndEquipment,0.0
ShareBasedCompensation_change,0.0
ShareBasedCompensationArrangementByShareBasedPaymentAwardOptionsGrantsInPeriod_change,0.0
ShareBasedCompensationArrangementByShareBasedPaymentAwardOptionsOutstandingNumber_change,0.0
StockIssuedDuringPeriodSharesPeriodIncreaseDecrease_change,0.0
StockIssuedDuringPeriodSharesStockOptionsExercised_change,0.0
PreferredStockSharesAuthorized,0.0
StockholdersEquityPeriodIncreaseDecrease_change,0.0
TaxesPayableCurrent_change,0.0
TreasuryStockShares_change,0.0
TreasuryStockValue_change,0.0
UnrecognizedTaxBenefits_change,0.0
UnrecognizedTaxBenefitsDecreasesResultingFromPriorPeriodTaxPositions_change,0.0
UnrecognizedTaxBenefitsDecreasesResultingFromSettlementsWithTaxingAuthorities_change,0.0
UnrecognizedTaxBenefitsIncreasesResultingFromCurrentPeriodTaxPositions_change,0.0
UnrecognizedTaxBenefitsIncreasesResultingFromPriorPeriodTaxPositions_change,0.0
UnrecognizedTaxBenefitsReductionsResultingFromLapseOfApplicableStatuteOfLimitations_change,0.0
UnrecognizedTaxBenefitsThatWouldImpactEffectiveTaxRate_change,0.0
PreferredStockSharesIssued,0.0
PreferredStockSharesOutstanding,0.0
PreferredStockValue,0.0
PrepaidExpenseAndOtherAssetsCurrent,0.0
ProceedsFromIssuanceOfLongTermDebt,0.0
ProceedsFromIssuanceOfSharesUnderIncentiveAndShareBasedCompensationPlansIncludingStockOptions,0.0
NetCashProvidedByUsedInInvestingActivitiesContinuingOperations_change,0.0
